name,id,designation,tech/manufacturer,system id,fleet pts,hitpoints,armor rating,max flux,8/6/5/4%,flux dissipation,ordnance points,fighter bays,max speed,acceleration,deceleration,max turn rate,turn acceleration,mass,shield type,defense id,shield arc,shield upkeep,shield efficiency,phase cost,phase upkeep,min crew,max crew,cargo,fuel,fuel/ly,range,max burn,base value,cr %/day,CR to deploy,peak CR sec,CR loss/sec,supplies/rec,supplies/mo,c/s,c/f,f/s,f/f,crew/s,crew/f,hints,tags,logistics n/a reason,codex variant id,rarity,breakProb,minPieces,maxPieces,travel drive,number
# Add your ships here. Couple of ships left commented out as reference.,,,,,,,,,,,,,,,,,,,,,,,,,,,,,,,,,,,,,,,,,,,,,,,,,,,,,,,
# See https://starsector.fandom.com/wiki/Ship_Data_CSV,,,,,,,,,,,,,,,,,,,,,,,,,,,,,,,,,,,,,,,,,,,,,,,,,,,,,,,
#Onslaught,onslaught,Battleship,Low Tech,burndrive,28,20000,1750,17000,15000,600,360,,25,10,10,4,4,3500,FRONT,,180,0.4,1,,,750,1500,300,400,15,27,7,350000,3,12,720,0.25,40,40,,,,,,,,"rare_bp, merc",,,,0.4,2,4,,500
#,module_bastion_pd1,PD Bastion 1,,flarelauncher_active,1,3000,500,1250,3500,140,44,0,0,0,0,10,10,240,FRONT,,170,0.4,0.8,,,0,0,0,0,1,0,,500000,,1,,,0,0,,,,,,,"UNBOARDABLE, HIDE_IN_CODEX",,,,,0.5,2,2,,2050
,,,,,,,,,,,,,,,,,,,,,,,,,,,,,,,,,,,,,,,,,,,,,,,,,,,,,,,
#AUXILIARY CRAFT,#ID,#designation,#tech,#system id,#fleet pts,#hitpoints,#armor rating,#max flux,#8/6/5/4%,#flux dissipation,#ordnance points,#fighter bays,#max speed,#acceleration,#deceleration,#max turn rate,#turn acceleration,#mass,#shield type,#defense id,#shield arc,#shield upkeep,#shield efficiency,#phase cost,#phase upkeep,#min crew,#max crew,#cargo,#fuel,#fuel/ly,#range,#max burn,#base value,#cr %/day,#CR to deploy,#peak CR sec,#CR loss/sec,#supplies/rec,#supplies/mo,#c/s,#c/f,#f/s,#f/f,#crew/s,#crew/f,#hints,#tags,#logistics n/a reason,#codex variant id,#rarity,#breakProb,#minPieces,#maxPieces,#travel drive,#number
,,,,,,,,,,,,,,,,,,,,,,,,,,,,,,,,,,,,,,,,,,,,,,,,,,,,,,,
,,,,,,,,,,,,,,,,,,,,,,,,,,,,,,,,,,,,,,,,,,,,,,,,,,,,,,,
#FRIGATE SHIP NAME,#ID,#designation,#tech,#system id,#fleet pts,#hitpoints,#armor rating,#max flux,#8/6/5/4%,#flux dissipation,#ordnance points,#fighter bays,#max speed,#acceleration,#deceleration,#max turn rate,#turn acceleration,#mass,#shield type,#defense id,#shield arc,#shield upkeep,#shield efficiency,#phase cost,#phase upkeep,#min crew,#max crew,#cargo,#fuel,#fuel/ly,#range,#max burn,#base value,#cr %/day,#CR to deploy,#peak CR sec,#CR loss/sec,#supplies/rec,#supplies/mo,#c/s,#c/f,#f/s,#f/f,#crew/s,#crew/f,#hints,#tags,#logistics n/a reason,#codex variant id,#rarity,#breakProb,#minPieces,#maxPieces,#travel drive,#number
(TERRAN) Nova,terran_nova,Surveyor,Terran Tech,surveyor_sensors,15,5000,2500,12000,10000,100,100,1,120,30,50,25,25,1700,OMNI,,360,0.6,0.8,,,80,100,70,25,0.25,15,8,40600,5,5,300,0.25,4,2,,,,,,,,"no_autofit, terran_bp, terran",,,,0.7,3,6,,888
(TERRAN) Saber,terran_saber,Fast Frigate,Terran Tech,impulse_overload,35,7000,2700,13500,13500,110,110,1,130,30,40,30,30,1800,OMNI,,360,0.6,0.8,,,75,200,100,25,0.4,15,8,58900,10,20,425,0.1,10,3,,,,,,,,"no_autofit, terran_bp, terran",,,,0.4,2,4,,500
,,,,,,,,,,,,,,,,,,,,,,,,,,,,,,,,,,,,,,,,,,,,,,,,,,,,,,,
#DESTROYER SHIP NAME,#ID,#designation,#tech,#system id,#fleet pts,#hitpoints,,,,,,,,,,,,,,,,,,,,,,,,,,,,,,,,,,,,,,,,,,,,,,,,,
(TERRAN) Miranda,terran_miranda,Light Cruiser,Terran Tech,field_repairs,35,8000,1700,13000,8000,100,120,2,110,20,30,18,18,2300,OMNI,,360,0.8,1,,,100,300,300,110,1.75,20,6,58000,12,35,700,0.25,10,5,,,,,,,,"no_autofit, terran_bp, terran",,,,0.8,4,12,,505
(TERRAN) Defiant,terran_defiant,Escort,Terran Tech,impulse_diversion,40,4000,3500,13500,8000,125,175,,150,30,45,35,35,900,OMNI,,360,0.4,0.7,,,15,35,50,15,0.25,10,8,104840,10,40,1200,0.1,12,1,,,,,,,,"no_autofit, terran_bp, terran",,,,0.3,2,5,,505
(TERRAN) Defiant II,terran_defiant_assault,Assault Escort,Terran Tech,impulse_diversion,40,4000,3500,13500,8000,125,190,,150,30,45,35,35,900,OMNI,,360,0.4,0.7,,,15,35,50,15,0.25,10,8,104840,10,40,1200,0.1,12,1,,,,,,,,"no_autofit, terran_bp, terran",,,,0.3,2,5,,505
(TERRAN) BOP,terran_BOP,Escort,Terran Tech,impulse_diversion,40,4000,3500,13500,8000,125,190,,150,30,45,35,35,900,OMNI,,360,0.4,0.7,,,15,35,50,15,0.25,10,8,104840,10,40,1200,0.1,12,1,,,,,,,,"no_autofit, terran_bp, terran",,,,0.3,2,5,,505
,,,,,,,,,,,,,,,,,,,,,,,,,,,,,,,,,,,,,,,,,,,,,,,,,,,,,,,
#CRUISER SHIP NAME,#ID,#designation,#tech,#system id,#fleet pts,#hitpoints,#armor rating,#max flux,#8/6/5/4%,#flux dissipation,#ordnance points,#fighter bays,#max speed,#acceleration,#deceleration,#max turn rate,#turn acceleration,#mass,#shield type,#defense id,#shield arc,#shield upkeep,#shield efficiency,#phase cost,#phase upkeep,#min crew,#max crew,#cargo,#fuel,#fuel/ly,#range,#max burn,#base value,#cr %/day,#CR to deploy,#peak CR sec,#CR loss/sec,#supplies/rec,#supplies/mo,#c/s,#c/f,#f/s,#f/f,#crew/s,#crew/f,#hints,#tags,#logistics n/a reason,#codex variant id,#rarity,#breakProb,#minPieces,#maxPieces,#travel drive,#number
(TERRAN) Constellation,terran_constellation,Cruiser,Terran Tech,picard_maneuver,50,11700,1700,13700,13700,130,140,3,100,25,40,15,15,3000,OMNI,,360,0.8,0.9,,,175,350,250,175,2,30,8,120450,8,75,700,0.3,18,5,,,,,,,,"no_autofit, terran_bp, terran",,,,0.7,5,10,,505
(TERRAN) Excelsior,terran_excelsior,Advanced Heavy Cruiser,Terran Tech,veteran_protocols,65,14700,2500,15000,15000,175,170,1,90,15,20,10,10,4500,OMNI,,360,0.8,1,,,300,500,400,300,2,40,8,132900,8,50,900,0.2,20,8,,,,,,,,"no_autofit, terran_bp, terran",,,,0.65,4,10,,505
(TERRAN) Intrepid,terran_intrepid,Light Cruiser,Terran Tech,tractorBeam,80,11750,4500,20000,25000,225,190,1,130,30,40,30,30,2800,OMNI,,360,0.4,0.7,,,75,300,325,75,0.25,30,15,180600,8,40,1000,0.1,25,6,,,,,,,,"no_autofit, terran_bp, terran",,,,0.5,3,8,,505
(TERRAN) Akira,terran_akira,Torpedo Cruiser,Terran Tech,polarized_hull,80,17000,6500,24200,30000,325,255,3,120,25,35,20,20,5300,OMNI,,360,0.45,0.8,,,200,500,500,70,0.8,30,12,272000,12,70,1300,0.1,40,8,,,,,,,,"no_autofit, terran_bp, terran",,,,0.6,4,10,,505
(TERRAN) Nebula [Weapons Pod],terran_nebula,Heavy Cruiser,Terran Tech,proximity_torpedo_launcher,100,21500,3500,26750,26750,150,310,2,105,15,25,18,18,6500,OMNI,,360,0.55,0.85,,,300,800,1000,275,1.5,50,9,250000,10,50,1200,0.2,45,10,,,,,,,,"no_autofit, terran_bp, terran",,,,0.5,2,10,,505
,,,,,,,,,,,,,,,,,,,,,,,,,,,,,,,,,,,,,,,,,,,,,,,,,,,,,,,
#CAPITAL SHIP NAME,#ID,#designation,#tech,#system id,#fleet pts,#hitpoints,#armor rating,#max flux,#8/6/5/4%,#flux dissipation,#ordnance points,#fighter bays,#max speed,#acceleration,#deceleration,#max turn rate,#turn acceleration,#mass,#shield type,#defense id,#shield arc,#shield upkeep,#shield efficiency,#phase cost,#phase upkeep,#min crew,#max crew,#cargo,#fuel,#fuel/ly,#range,#max burn,#base value,#cr %/day,#CR to deploy,#peak CR sec,#CR loss/sec,#supplies/rec,#supplies/mo,#c/s,#c/f,#f/s,#f/f,#crew/s,#crew/f,#hints,#tags,#logistics n/a reason,#codex variant id,#rarity,#breakProb,#minPieces,#maxPieces,#travel drive,#number
(TERRAN) Ambassador,terran_ambassador,Advanced Heavy Cruiser,Terran Tech,command_authority,120,25000,4250,21050,20000,180,190,2,100,20,30,12,12,7000,OMNI,,360,0.6,0.9,,,350,750,575,225,1.5,60,10,315000,15,85,1500,0.25,40,15,,,,,,,,"no_autofit, terran_bp, terran",,,,0.5,2,10,,505
(TERRAN) Galaxy,terran_galaxy,Exploration Cruiser,Terran Tech,saucer_separation,150,35200,7500,35000,30000,200,300,3,110,25,50,15,15,10300,OMNI,,360,0.5,0.75,,,1000,2000,1250,700,2.25,80,12,525000,20,120,1750,0.15,50,20,,,,,,,,"no_autofit, terran_bp, terran",,,,0.5,2,10,,505
(TERRAN) Sovereign,terran_sovereign,Battlecruiser,Terran Tech,reflex_shields,175,30750,10000,45800,40000,375,375,3,125,35,50,20,20,9800,OMNI,,360,0.4,0.7,,,375,800,750,250,1,80,15,525000,25,150,2000,0.1,50,15,,,,,,,,"no_autofit, terran_bp, terran",,,,0.5,2,10,,505
,,,,,,,,,,,,,,,,,,,,,,,,,,,,,,,,,,,,,,,,,,,,,,,,,,,,,,,
#STATION,#ID,#designation,#tech,#system id,#fleet pts,#hitpoints,#armor rating,#max flux,#8/6/5/4%,#flux dissipation,#ordnance points,#fighter bays,#max speed,#acceleration,#deceleration,#max turn rate,#turn acceleration,#mass,#shield type,#defense id,#shield arc,#shield upkeep,#shield efficiency,#phase cost,#phase upkeep,#min crew,#max crew,#cargo,#fuel,#fuel/ly,#range,#max burn,#base value,#cr %/day,#CR to deploy,#peak CR sec,#CR loss/sec,#supplies/rec,#supplies/mo,#c/s,#c/f,#f/s,#f/f,#crew/s,#crew/f,#hints,#tags,#logistics n/a reason,#codex variant id,#rarity,#breakProb,#minPieces,#maxPieces,#travel drive,#number
,,,,,,,,,,,,,,,,,,,,,,,,,,,,,,,,,,,,,,,,,,,,,,,,,,,,,,,
#VANILLA STYLE SECTION,#ID,#designation,#tech,#system id,#fleet pts,#hitpoints,#armor rating,#max flux,#8/6/5/4%,#flux dissipation,#ordnance points,#fighter bays,#max speed,#acceleration,#deceleration,#max turn rate,#turn acceleration,#mass,#shield type,#defense id,#shield arc,#shield upkeep,#shield efficiency,#phase cost,#phase upkeep,#min crew,#max crew,#cargo,#fuel,#fuel/ly,#range,#max burn,#base value,#cr %/day,#CR to deploy,#peak CR sec,#CR loss/sec,#supplies/rec,#supplies/mo,#c/s,#c/f,#f/s,#f/f,#crew/s,#crew/f,#hints,#tags,#logistics n/a reason,#codex variant id,#rarity,#breakProb,#minPieces,#maxPieces,#travel drive,#number
,,,,,,,,,,,,,,,,,,,,,,,,,,,,,,,,,,,,,,,,,,,,,,,,,,,,,,,
#CAPITAL STYLE,#ID,#designation,#tech,#system id,#fleet pts,#hitpoints,#armor rating,#max flux,#8/6/5/4%,#flux dissipation,#ordnance points,#fighter bays,#max speed,#acceleration,#deceleration,#max turn rate,#turn acceleration,#mass,#shield type,#defense id,#shield arc,#shield upkeep,#shield efficiency,#phase cost,#phase upkeep,#min crew,#max crew,#cargo,#fuel,#fuel/ly,#range,#max burn,#base value,#cr %/day,#CR to deploy,#peak CR sec,#CR loss/sec,#supplies/rec,#supplies/mo,#c/s,#c/f,#f/s,#f/f,#crew/s,#crew/f,#hints,#tags,#logistics n/a reason,#codex variant id,#rarity,#breakProb,#minPieces,#maxPieces,#travel drive,#number
